{
  "ABIRoot": {
    "kind": "Root",
    "name": "MEMToast",
    "printedName": "MEMToast",
    "children": [
      {
        "kind": "Import",
        "name": "SwiftUI",
        "printedName": "SwiftUI",
        "declKind": "Import",
        "moduleName": "MEMToast",
        "declAttributes": [
          "RawDocComment"
        ]
      },
      {
        "kind": "Import",
        "name": "SwiftUI",
        "printedName": "SwiftUI",
        "declKind": "Import",
        "moduleName": "MEMToast",
        "declAttributes": [
          "RawDocComment"
        ]
      },
      {
        "kind": "Import",
        "name": "Foundation",
        "printedName": "Foundation",
        "declKind": "Import",
        "moduleName": "MEMToast",
        "declAttributes": [
          "RawDocComment"
        ]
      },
      {
        "kind": "Import",
        "name": "UIKit",
        "printedName": "UIKit",
        "declKind": "Import",
        "moduleName": "MEMToast"
      },
      {
        "kind": "Import",
        "name": "SwiftUI",
        "printedName": "SwiftUI",
        "declKind": "Import",
        "moduleName": "MEMToast",
        "declAttributes": [
          "RawDocComment"
        ]
      },
      {
        "kind": "Import",
        "name": "SwiftUI",
        "printedName": "SwiftUI",
        "declKind": "Import",
        "moduleName": "MEMToast",
        "declAttributes": [
          "RawDocComment"
        ]
      },
      {
        "kind": "TypeDecl",
        "name": "ToastViewStyle",
        "printedName": "ToastViewStyle",
        "children": [
          {
            "kind": "AssociatedType",
            "name": "Body",
            "printedName": "Body",
            "declKind": "AssociatedType",
            "usr": "s:8MEMToast14ToastViewStyleP4BodyQa",
            "mangledName": "$s8MEMToast14ToastViewStyleP4BodyQa",
            "moduleName": "MEMToast",
            "protocolReq": true,
            "declAttributes": [
              "RawDocComment"
            ]
          },
          {
            "kind": "Function",
            "name": "makeBody",
            "printedName": "makeBody(message:)",
            "children": [
              {
                "kind": "TypeNominal",
                "name": "DependentMember",
                "printedName": "τ_0_0.Body"
              },
              {
                "kind": "TypeNominal",
                "name": "Optional",
                "printedName": "Swift.String?",
                "children": [
                  {
                    "kind": "TypeNominal",
                    "name": "String",
                    "printedName": "Swift.String",
                    "usr": "s:SS"
                  }
                ],
                "usr": "s:Sq"
              }
            ],
            "declKind": "Func",
            "usr": "s:8MEMToast14ToastViewStyleP8makeBody7message0F0QzSSSg_tF",
            "mangledName": "$s8MEMToast14ToastViewStyleP8makeBody7message0F0QzSSSg_tF",
            "moduleName": "MEMToast",
            "genericSig": "<τ_0_0 where τ_0_0 : MEMToast.ToastViewStyle>",
            "sugared_genericSig": "<Self where Self : MEMToast.ToastViewStyle>",
            "protocolReq": true,
            "declAttributes": [
              "RawDocComment"
            ],
            "reqNewWitnessTableEntry": true,
            "funcSelfKind": "NonMutating"
          },
          {
            "kind": "Var",
            "name": "defaultToastStyle",
            "printedName": "defaultToastStyle",
            "children": [
              {
                "kind": "TypeNominal",
                "name": "DefaultToastStyle",
                "printedName": "MEMToast.DefaultToastStyle",
                "usr": "s:8MEMToast17DefaultToastStyleV"
              }
            ],
            "declKind": "Var",
            "usr": "s:8MEMToast14ToastViewStylePA2A07DefaultbD0VRszrlE07defaultbD0AEvpZ",
            "mangledName": "$s8MEMToast14ToastViewStylePA2A07DefaultbD0VRszrlE07defaultbD0AEvpZ",
            "moduleName": "MEMToast",
            "static": true,
            "declAttributes": [
              "AccessControl",
              "RawDocComment"
            ],
            "isFromExtension": true,
            "accessors": [
              {
                "kind": "Accessor",
                "name": "Get",
                "printedName": "Get()",
                "children": [
                  {
                    "kind": "TypeNominal",
                    "name": "DefaultToastStyle",
                    "printedName": "MEMToast.DefaultToastStyle",
                    "usr": "s:8MEMToast17DefaultToastStyleV"
                  }
                ],
                "declKind": "Accessor",
                "usr": "s:8MEMToast14ToastViewStylePA2A07DefaultbD0VRszrlE07defaultbD0AEvgZ",
                "mangledName": "$s8MEMToast14ToastViewStylePA2A07DefaultbD0VRszrlE07defaultbD0AEvgZ",
                "moduleName": "MEMToast",
                "genericSig": "<τ_0_0 where τ_0_0 == MEMToast.DefaultToastStyle>",
                "sugared_genericSig": "<Self where Self == MEMToast.DefaultToastStyle>",
                "static": true,
                "isFromExtension": true,
                "accessorKind": "get"
              }
            ]
          },
          {
            "kind": "Function",
            "name": "snackBarToastStyle",
            "printedName": "snackBarToastStyle(_:action:)",
            "children": [
              {
                "kind": "TypeNominal",
                "name": "SnackBarToastStyle",
                "printedName": "MEMToast.SnackBarToastStyle",
                "usr": "s:8MEMToast18SnackBarToastStyleV"
              },
              {
                "kind": "TypeNominal",
                "name": "String",
                "printedName": "Swift.String",
                "usr": "s:SS"
              },
              {
                "kind": "TypeFunc",
                "name": "Function",
                "printedName": "() -> ()",
                "children": [
                  {
                    "kind": "TypeNominal",
                    "name": "Void",
                    "printedName": "()"
                  },
                  {
                    "kind": "TypeNominal",
                    "name": "Void",
                    "printedName": "()"
                  }
                ]
              }
            ],
            "declKind": "Func",
            "usr": "s:8MEMToast14ToastViewStylePA2A07DefaultbD0VRszrlE08snackBarbD0_6actionAA05SnackgbD0VSS_yyctFZ",
            "mangledName": "$s8MEMToast14ToastViewStylePA2A07DefaultbD0VRszrlE08snackBarbD0_6actionAA05SnackgbD0VSS_yyctFZ",
            "moduleName": "MEMToast",
            "genericSig": "<τ_0_0 where τ_0_0 == MEMToast.DefaultToastStyle>",
            "sugared_genericSig": "<Self where Self == MEMToast.DefaultToastStyle>",
            "static": true,
            "declAttributes": [
              "AccessControl",
              "RawDocComment"
            ],
            "isFromExtension": true,
            "funcSelfKind": "NonMutating"
          }
        ],
        "declKind": "Protocol",
        "usr": "s:8MEMToast14ToastViewStyleP",
        "mangledName": "$s8MEMToast14ToastViewStyleP",
        "moduleName": "MEMToast",
        "genericSig": "<τ_0_0.Body : SwiftUI.View>",
        "sugared_genericSig": "<Self.Body : SwiftUI.View>",
        "declAttributes": [
          "AccessControl"
        ],
        "conformances": [
          {
            "kind": "Conformance",
            "name": "Escapable",
            "printedName": "Escapable",
            "usr": "s:s9EscapableP",
            "mangledName": "$ss9EscapableP"
          },
          {
            "kind": "Conformance",
            "name": "Copyable",
            "printedName": "Copyable",
            "usr": "s:s8CopyableP",
            "mangledName": "$ss8CopyableP"
          }
        ]
      },
      {
        "kind": "Import",
        "name": "SwiftUI",
        "printedName": "SwiftUI",
        "declKind": "Import",
        "moduleName": "MEMToast",
        "declAttributes": [
          "RawDocComment"
        ]
      },
      {
        "kind": "Import",
        "name": "SwiftUI",
        "printedName": "SwiftUI",
        "declKind": "Import",
        "moduleName": "MEMToast",
        "declAttributes": [
          "RawDocComment"
        ]
      },
      {
        "kind": "TypeDecl",
        "name": "SnackBarToastStyle",
        "printedName": "SnackBarToastStyle",
        "children": [
          {
            "kind": "Function",
            "name": "makeBody",
            "printedName": "makeBody(message:)",
            "children": [
              {
                "kind": "TypeNominal",
                "name": "OpaqueTypeArchetype",
                "printedName": "some SwiftUI.View",
                "children": [
                  {
                    "kind": "TypeNominal",
                    "name": "View",
                    "printedName": "SwiftUI.View",
                    "usr": "s:7SwiftUI4ViewP"
                  }
                ]
              },
              {
                "kind": "TypeNominal",
                "name": "Optional",
                "printedName": "Swift.String?",
                "children": [
                  {
                    "kind": "TypeNominal",
                    "name": "String",
                    "printedName": "Swift.String",
                    "usr": "s:SS"
                  }
                ],
                "usr": "s:Sq"
              }
            ],
            "declKind": "Func",
            "usr": "s:8MEMToast18SnackBarToastStyleV8makeBody7messageQrSSSg_tF",
            "mangledName": "$s8MEMToast18SnackBarToastStyleV8makeBody7messageQrSSSg_tF",
            "moduleName": "MEMToast",
            "declAttributes": [
              "AccessControl"
            ],
            "funcSelfKind": "NonMutating"
          }
        ],
        "declKind": "Struct",
        "usr": "s:8MEMToast18SnackBarToastStyleV",
        "mangledName": "$s8MEMToast18SnackBarToastStyleV",
        "moduleName": "MEMToast",
        "intro_iOS": "16",
        "declAttributes": [
          "AccessControl",
          "Available"
        ],
        "conformances": [
          {
            "kind": "Conformance",
            "name": "Copyable",
            "printedName": "Copyable",
            "usr": "s:s8CopyableP",
            "mangledName": "$ss8CopyableP"
          },
          {
            "kind": "Conformance",
            "name": "Escapable",
            "printedName": "Escapable",
            "usr": "s:s9EscapableP",
            "mangledName": "$ss9EscapableP"
          },
          {
            "kind": "Conformance",
            "name": "ToastViewStyle",
            "printedName": "ToastViewStyle",
            "children": [
              {
                "kind": "TypeWitness",
                "name": "Body",
                "printedName": "Body",
                "children": [
                  {
                    "kind": "TypeNominal",
                    "name": "OpaqueTypeArchetype",
                    "printedName": "some SwiftUI.View",
                    "children": [
                      {
                        "kind": "TypeNominal",
                        "name": "View",
                        "printedName": "SwiftUI.View",
                        "usr": "s:7SwiftUI4ViewP"
                      }
                    ]
                  }
                ]
              }
            ],
            "usr": "s:8MEMToast14ToastViewStyleP",
            "mangledName": "$s8MEMToast14ToastViewStyleP"
          }
        ]
      },
      {
        "kind": "Import",
        "name": "SwiftUI",
        "printedName": "SwiftUI",
        "declKind": "Import",
        "moduleName": "MEMToast",
        "declAttributes": [
          "RawDocComment"
        ]
      },
      {
        "kind": "TypeDecl",
        "name": "DefaultToastStyle",
        "printedName": "DefaultToastStyle",
        "children": [
          {
            "kind": "Function",
            "name": "makeBody",
            "printedName": "makeBody(message:)",
            "children": [
              {
                "kind": "TypeNominal",
                "name": "OpaqueTypeArchetype",
                "printedName": "some SwiftUI.View",
                "children": [
                  {
                    "kind": "TypeNominal",
                    "name": "View",
                    "printedName": "SwiftUI.View",
                    "usr": "s:7SwiftUI4ViewP"
                  }
                ]
              },
              {
                "kind": "TypeNominal",
                "name": "Optional",
                "printedName": "Swift.String?",
                "children": [
                  {
                    "kind": "TypeNominal",
                    "name": "String",
                    "printedName": "Swift.String",
                    "usr": "s:SS"
                  }
                ],
                "usr": "s:Sq"
              }
            ],
            "declKind": "Func",
            "usr": "s:8MEMToast17DefaultToastStyleV8makeBody7messageQrSSSg_tF",
            "mangledName": "$s8MEMToast17DefaultToastStyleV8makeBody7messageQrSSSg_tF",
            "moduleName": "MEMToast",
            "declAttributes": [
              "AccessControl"
            ],
            "funcSelfKind": "NonMutating"
          }
        ],
        "declKind": "Struct",
        "usr": "s:8MEMToast17DefaultToastStyleV",
        "mangledName": "$s8MEMToast17DefaultToastStyleV",
        "moduleName": "MEMToast",
        "intro_iOS": "16.0",
        "declAttributes": [
          "AccessControl",
          "Available"
        ],
        "conformances": [
          {
            "kind": "Conformance",
            "name": "Copyable",
            "printedName": "Copyable",
            "usr": "s:s8CopyableP",
            "mangledName": "$ss8CopyableP"
          },
          {
            "kind": "Conformance",
            "name": "Escapable",
            "printedName": "Escapable",
            "usr": "s:s9EscapableP",
            "mangledName": "$ss9EscapableP"
          },
          {
            "kind": "Conformance",
            "name": "ToastViewStyle",
            "printedName": "ToastViewStyle",
            "children": [
              {
                "kind": "TypeWitness",
                "name": "Body",
                "printedName": "Body",
                "children": [
                  {
                    "kind": "TypeNominal",
                    "name": "OpaqueTypeArchetype",
                    "printedName": "some SwiftUI.View",
                    "children": [
                      {
                        "kind": "TypeNominal",
                        "name": "View",
                        "printedName": "SwiftUI.View",
                        "usr": "s:7SwiftUI4ViewP"
                      }
                    ]
                  }
                ]
              }
            ],
            "usr": "s:8MEMToast14ToastViewStyleP",
            "mangledName": "$s8MEMToast14ToastViewStyleP"
          }
        ]
      },
      {
        "kind": "TypeDecl",
        "name": "View",
        "printedName": "View",
        "children": [
          {
            "kind": "Function",
            "name": "showToast",
            "printedName": "showToast(message:isShowing:)",
            "children": [
              {
                "kind": "TypeNominal",
                "name": "OpaqueTypeArchetype",
                "printedName": "some SwiftUI.View",
                "children": [
                  {
                    "kind": "TypeNominal",
                    "name": "View",
                    "printedName": "SwiftUI.View",
                    "usr": "s:7SwiftUI4ViewP"
                  }
                ]
              },
              {
                "kind": "TypeNominal",
                "name": "Optional",
                "printedName": "Swift.String?",
                "children": [
                  {
                    "kind": "TypeNominal",
                    "name": "String",
                    "printedName": "Swift.String",
                    "usr": "s:SS"
                  }
                ],
                "usr": "s:Sq"
              },
              {
                "kind": "TypeNominal",
                "name": "Binding",
                "printedName": "SwiftUI.Binding<Swift.Bool>",
                "children": [
                  {
                    "kind": "TypeNominal",
                    "name": "Bool",
                    "printedName": "Swift.Bool",
                    "usr": "s:Sb"
                  }
                ],
                "usr": "s:7SwiftUI7BindingV"
              }
            ],
            "declKind": "Func",
            "usr": "s:7SwiftUI4ViewP8MEMToastE9showToast7message9isShowingQrSSSg_AA7BindingVySbGtF",
            "mangledName": "$s7SwiftUI4ViewP8MEMToastE9showToast7message9isShowingQrSSSg_AA7BindingVySbGtF",
            "moduleName": "MEMToast",
            "genericSig": "<τ_0_0 where τ_0_0 : SwiftUI.View>",
            "sugared_genericSig": "<Self where Self : SwiftUI.View>",
            "declAttributes": [
              "Preconcurrency",
              "Custom",
              "AccessControl",
              "RawDocComment"
            ],
            "isFromExtension": true,
            "funcSelfKind": "NonMutating"
          },
          {
            "kind": "Function",
            "name": "toastViewStyle",
            "printedName": "toastViewStyle(_:)",
            "children": [
              {
                "kind": "TypeNominal",
                "name": "OpaqueTypeArchetype",
                "printedName": "some SwiftUI.View",
                "children": [
                  {
                    "kind": "TypeNominal",
                    "name": "View",
                    "printedName": "SwiftUI.View",
                    "usr": "s:7SwiftUI4ViewP"
                  }
                ]
              },
              {
                "kind": "TypeNominal",
                "name": "GenericTypeParam",
                "printedName": "τ_1_0"
              }
            ],
            "declKind": "Func",
            "usr": "s:7SwiftUI4ViewP8MEMToastE05toastC5StyleyQrqd__AD05ToastcF0Rd__lF",
            "mangledName": "$s7SwiftUI4ViewP8MEMToastE05toastC5StyleyQrqd__AD05ToastcF0Rd__lF",
            "moduleName": "MEMToast",
            "genericSig": "<τ_0_0, τ_1_0 where τ_0_0 : SwiftUI.View, τ_1_0 : MEMToast.ToastViewStyle>",
            "sugared_genericSig": "<Self, S where Self : SwiftUI.View, S : MEMToast.ToastViewStyle>",
            "declAttributes": [
              "Preconcurrency",
              "Custom",
              "AccessControl",
              "RawDocComment"
            ],
            "isFromExtension": true,
            "funcSelfKind": "NonMutating"
          }
        ],
        "declKind": "Protocol",
        "usr": "s:7SwiftUI4ViewP",
        "mangledName": "$s7SwiftUI4ViewP",
        "moduleName": "SwiftUICore",
        "genericSig": "<τ_0_0.Body : SwiftUI.View>",
        "sugared_genericSig": "<Self.Body : SwiftUI.View>",
        "intro_Macosx": "10.15",
        "intro_iOS": "13.0",
        "intro_tvOS": "13.0",
        "intro_watchOS": "6.0",
        "declAttributes": [
          "Preconcurrency",
          "TypeEraser",
          "OriginallyDefinedIn",
          "OriginallyDefinedIn",
          "OriginallyDefinedIn",
          "OriginallyDefinedIn",
          "Available",
          "Available",
          "Available",
          "Available",
          "Custom"
        ],
        "isExternal": true,
        "conformances": [
          {
            "kind": "Conformance",
            "name": "Escapable",
            "printedName": "Escapable",
            "usr": "s:s9EscapableP",
            "mangledName": "$ss9EscapableP"
          },
          {
            "kind": "Conformance",
            "name": "Copyable",
            "printedName": "Copyable",
            "usr": "s:s8CopyableP",
            "mangledName": "$ss8CopyableP"
          }
        ]
      }
    ],
    "json_format_version": 8
  },
  "ConstValues": [
    {
      "filePath": "\/Users\/hari-19343\/Documents\/home\/MEMToast\/MEMToast\/MEMToast.swift",
      "kind": "BooleanLiteral",
      "offset": 247,
      "length": 5,
      "value": "false"
    },
    {
      "filePath": "\/Users\/hari-19343\/Documents\/home\/MEMToast\/MEMToast\/MEMToast.swift",
      "kind": "FloatLiteral",
      "offset": 285,
      "length": 3,
      "value": "2.5"
    }
  ]
}